,Company,Revenue Growth (%),Net Income Growth (%),Assets Growth (%),Liabilities Growth (%),Cash Flow from Operations Growth(%)
0,Apple,2.8158352867822867,12.44667931275166,15.059731993192512,10.500452408654537,16.738232220904123
1,Microsoft,10.200706081825993,5.378403645988224,0.6478788709307218,-0.41806722598064133,0.4163032961829849
2,Tesla,-0.6610402656357595,-33.07092261931601,9.127942189774656,8.683085298321485,3.798683338367559
